{
  "id": "daggerheart-or-the-void",
  "title": "Daggerheart | The Void",
  "version": "1.0.0",
"manifest": "https://github.com/Keter150/Hinkenbacke/releases/latest/download/module.json",
"download": "https://github.com/Keter150/Hinkenbacke/releases/download/1.0.0/module.zip",
  "compatibility": {
    "minimum": "13",
    "verified": "13"
  },
  "flags": {
    "canUpload": true
  },
  "packs": [
    {
      "name": "Classes",
      "label": "Classes",
      "path": "packs/Classes",
      "type": "Item",
      "system": "daggerheart",
      "ownership": {
        "PLAYER": "OBSERVER",
        "ASSISTANT": "OWNER"
      }
    },
    {
      "name": "Subclasses",
      "label": "Subclasses",
      "path": "packs/Subclasses",
      "type": "Item",
      "system": "daggerheart",
      "ownership": {
        "PLAYER": "OBSERVER",
        "ASSISTANT": "OWNER"
      }
    },
    {
      "name": "Domains",
      "label": "Domains",
      "path": "packs/Domains",
      "type": "Item",
      "system": "daggerheart",
      "ownership": {
        "PLAYER": "OBSERVER",
        "ASSISTANT": "OWNER"
      }
    },
    {
      "name": "Ancestry",
      "label": "Ancestry",
      "path": "packs/Ancestry",
      "type": "Item",
      "system": "daggerheart",
      "ownership": {
        "PLAYER": "OBSERVER",
        "ASSISTANT": "OWNER"
      }
    },
    {
      "name": "Communities",
      "label": "Communities",
      "path": "packs/Communities",
      "type": "Item",
      "system": "daggerheart",
      "ownership": {
        "PLAYER": "OBSERVER",
        "ASSISTANT": "OWNER"
      }
    }
  ],
  "authors": [
    {
      "name": "Adrian",
      "flags": {}
    }
  ],
  "description": ""
}